Link out,Antibody,Antigen Sequence,Antigen Length,Sigma,"IDT codon optimization, mus musculus"
https://www.proteinatlas.org/ENSG00000278646-AC008162.2/,HPA042483,PEEVTKSQPEKWDEEAQDAAGEEEKEQE,28,https://www.sigmaaldrich.com/US/en/product/sigma/hpa042483,CCCGAAGAAGTAACCAAATCTCAGCCTGAGAAGTGGGATGAAGAGGCACAGGACGCCGCCGGGGAGGAAGAGAAAGAACAAGAA
https://www.proteinatlas.org/ENSG00000285472-AC134980.2/,HPA057442,QEVKTSMKRLLSRHVVCQVDFIIRN,25,https://www.sigmaaldrich.com/US/en/product/sigma/hpa057442,CAAGAAGTAAAGACTTCAATGAAGAGACTCTTGAGTAGACATGTCGTATGCCAGGTAGATTTTATCATCCGAAAT
https://www.proteinatlas.org/ENSG00000277535-AL772284.1/,HPA042483,PEEVTKSQPEKWDEEAQDAAGEEEKEQE,28,https://www.sigmaaldrich.com/US/en/product/sigma/hpa042483,CCTGAGGAAGTTACAAAATCCCAGCCTGAGAAATGGGACGAAGAAGCACAAGACGCAGCAGGCGAGGAGGAAAAAGAGCAAGAA
https://www.proteinatlas.org/ENSG00000163295-ALPI/,HPA038764,NWYSDADVPASARQEGCQDIATQLISNMDI,30,https://www.sigmaaldrich.com/US/en/product/sigma/hpa038764,AATTGGTATTCAGATGCCGACGTACCCGCAAGCGCACGCCAGGAAGGTTGTCAAGATATCGCCACTCAGCTGATCAGTAACATGGACATC
https://www.proteinatlas.org/ENSG00000163295-ALPI/,HPA038765,HRDPTLDPSLMEMTEAALRLLSRNPRGFYLFVE,33,https://www.sigmaaldrich.com/US/en/product/sigma/hpa038765,CATAGAGACCCCACATTGGACCCTTCTCTGATGGAGATGACAGAGGCAGCTTTGCGGTTGCTGAGCAGGAATCCACGAGGGTTTTACTTGTTTGTCGAG
https://www.proteinatlas.org/ENSG00000163295-ALPI/,HPA051699,FQTIGLSAAARFNQCNTTRGNEVISVMNRAK,31,https://www.sigmaaldrich.com/US/en/product/sigma/hpa051699,TTTCAAACCATTGGGCTGTCTGCAGCAGCAAGATTTAATCAGTGTAACACAACAAGGGGGAATGAGGTGATTAGCGTCATGAATAGGGCAAAG
https://www.proteinatlas.org/ENSG00000080910-CFHR2/,HPA038915,HLEGDTVQIICNTGYRLQNNENNISCVER,29,https://www.sigmaaldrich.com/US/en/product/sigma/hpa038915,CATCTCGAAGGAGATACTGTGCAAATAATTTGCAACACCGGTTACCGGCTTCAAAACAATGAGAACAATATCTCATGCGTCGAGCGA
https://www.proteinatlas.org/ENSG00000226929-CT47A11/,HPA042483,PEEVTKSQPEKWDEEAQDAAGEEEKEQE,28,https://www.sigmaaldrich.com/US/en/product/sigma/hpa042483,CCCGAAGAAGTGACTAAATCACAACCCGAGAAGTGGGATGAAGAAGCCCAAGATGCAGCAGGGGAAGAAGAAAAAGAGCAAGAA
https://www.proteinatlas.org/ENSG00000197838-CYP2A13/,HPA046713,LRDPRFFSNPRDFNPQHFLDKKGQFK,26,https://www.sigmaaldrich.com/US/en/product/sigma/hpa046713,CTCAGGGACCCCAGATTCTTCAGTAATCCCCGAGATTTTAACCCTCAACATTTTTTGGATAAAAAGGGACAGTTCAAA
https://www.proteinatlas.org/ENSG00000197838-CYP2A13/,HPA047262,QEEAGFLIDALRGTGGANIDPTFFLSR,27,https://www.sigmaaldrich.com/US/en/product/sigma/hpa047262,CAAGAGGAAGCTGGATTTCTCATTGATGCCTTGAGAGGTACCGGAGGGGCCAACATCGACCCCACTTTTTTCCTTAGCAGA
https://www.proteinatlas.org/ENSG00000188120-DAZ1/,HPA047113,NDVDVQKIVGSQIHFHGKKLKLGPAIRKQ,29,https://www.sigmaaldrich.com/US/en/product/sigma/hpa047113,AATGATGTAGATGTACAGAAGATTGTCGGAAGTCAAATACACTTCCATGGAAAGAAACTCAAACTGGGTCCAGCCATCCGGAAGCAG
https://www.proteinatlas.org/ENSG00000176566-DCAF4L2/,HPA067584,AGGSKYGIITMRGLTTPELRVYPHK,25,https://www.sigmaaldrich.com/US/en/product/sigma/hpa067584,GCTGGAGGATCAAAGTATGGTATTATCACTATGAGAGGCTTGACCACACCAGAGCTCCGGGTGTACCCCCACAAG
https://www.proteinatlas.org/ENSG00000203795-FAM24A/brain,HPA052490,TESCPALQCCEGYRMCASFDSLPPCCCDINEGL,33,https://www.sigmaaldrich.com/US/en/product/sigma/hpa052490,ACAGAGTCATGCCCTGCCTTGCAGTGCTGTGAGGGATACCGAATGTGTGCAAGCTTTGACTCCCTTCCTCCATGCTGTTGTGACATAAACGAGGGTCTT
https://www.proteinatlas.org/ENSG00000237671-GAGE12C/brain,HPA043232,PPEMIGPMRPEQFSDEVEPATPEEGEPATQRQDPAAA,37,https://www.sigmaaldrich.com/US/en/product/sigma/hpa043232,CCCCCAGAGATGATAGGTCCTATGCGACCTGAACAGTTTAGCGACGAAGTTGAACCAGCCACCCCCGAAGAAGGTGAGCCTGCTACCCAAAGACAAGATCCTGCTGCCGCC
https://www.proteinatlas.org/ENSG00000149435-GGTLC1/brain,HPA045635,LLPNVTTVERNIDQAVTAALETRHHHTQI,29,https://www.sigmaaldrich.com/US/en/product/sigma/hpa045635,TTGCTGCCTAATGTTACAACAGTGGAGCGAAATATAGACCAGGCCGTAACCGCTGCCCTTGAAACCCGGCATCACCACACACAAATA
https://www.proteinatlas.org/ENSG00000149435-GGTLC1/brain,HPA047534,AVVQAIVRTAGGWAAASDSRKGGEPAGY,28,https://www.sigmaaldrich.com/US/en/product/sigma/hpa047534,GCTGTTGTCCAAGCTATAGTCCGCACAGCTGGAGGATGGGCCGCTGCCTCTGATTCACGAAAGGGTGGGGAGCCTGCAGGATAT
https://www.proteinatlas.org/ENSG00000167195-GOLGA6C/brain,HPA044978,GVTDGMRESFTVYESQGAVPNTRHQEMEDVIRLA,34,https://www.sigmaaldrich.com/US/en/product/sigma/hpa044978,GGAGTCACTGACGGAATGCGAGAATCATTCACAGTATATGAATCACAAGGTGCTGTTCCCAACACACGCCACCAAGAAATGGAGGATGTGATCAGGTTGGCC
https://www.proteinatlas.org/ENSG00000167195-GOLGA6C/brain,HPA050087,ALCAVSTQQQEEDRSSSCREAVLHRRLQQTIKERAL,36,https://www.sigmaaldrich.com/US/en/product/sigma/hpa050087,GCCCTCTGCGCCGTCAGTACTCAGCAGCAAGAGGAAGATCGCTCATCTTCATGTAGGGAGGCAGTACTGCATCGCAGACTTCAACAAACTATTAAGGAACGGGCCTTG
https://www.proteinatlas.org/ENSG00000006059-KRT33A/brain,HPA055194,ERDNAELENLIRERSQQQEPLLC,23,https://www.sigmaaldrich.com/US/en/product/sigma/hpa055194,GAACGGGATAACGCCGAGCTTGAGAATCTGATTCGGGAACGCAGCCAACAGCAGGAACCCCTTCTCTGT
https://www.proteinatlas.org/ENSG00000212725-KRTAP2-1/brain,HPA059203,PVTCQTTVCRPVTCVPRCTRPICEPC,26,https://www.sigmaaldrich.com/US/en/product/sigma/hpa059203,CCTGTGACATGTCAAACAACTGTATGTAGACCCGTCACCTGTGTTCCAAGATGCACAAGGCCAATTTGCGAGCCATGT
https://www.proteinatlas.org/ENSG00000212900-KRTAP3-2/brain,HPA042992,HTVWLLEPTCCDNCPPPCHIPQPCV,25,https://www.sigmaaldrich.com/US/en/product/sigma/hpa042992,CATACAGTCTGGCTCTTGGAACCTACCTGTTGTGACAATTGTCCTCCCCCTTGTCATATACCTCAGCCTTGTGTT
https://www.proteinatlas.org/ENSG00000170298-LGALS9B/brain,HPA046876,SQAPYLSPAVPFSGTIQGGLQDGFQITVN,29,https://www.sigmaaldrich.com/US/en/product/sigma/hpa046876,TCACAAGCTCCCTATTTGTCCCCCGCCGTGCCTTTCAGCGGCACTATCCAGGGAGGACTCCAAGATGGATTCCAGATCACCGTCAAT
https://www.proteinatlas.org/ENSG00000280709-LINC02203/brain,HPA057442,QEVKTSMKRLLSRHVVCQVDFIIRN,25,https://www.sigmaaldrich.com/US/en/product/sigma/hpa057442,CAGGAGGTCAAGACTTCAATGAAAAGGCTTTTGAGCAGGCATGTTGTATGTCAAGTAGACTTCATTATTAGGAAT
https://www.proteinatlas.org/ENSG00000183695-MRGPRX2/brain,HPA055220,ALQRALQDIAEVDHSEGCFRQGTPEMSRSS,30,https://www.sigmaaldrich.com/US/en/product/sigma/hpa055220,GCACTTCAAAGAGCCCTCCAAGACATTGCAGAAGTGGATCACAGTGAGGGATGCTTTCGCCAAGGCACCCCTGAGATGTCAAGAAGTAGT
https://www.proteinatlas.org/ENSG00000204979-MS4A13/brain,HPA045017,LTIIELSHFNSVSYRNYGQAKLGREVSRI,29,https://www.sigmaaldrich.com/US/en/product/sigma/hpa045017,CTCACCATAATAGAGTTGAGTCATTTTAACTCTGTTTCATACAGGAACTACGGACAAGCCAAATTGGGCAGGGAGGTATCTCGGATA
https://www.proteinatlas.org/ENSG00000204979-MS4A13/brain,HPA063626,SCSNLFRRQNDLTSVTEEAES,21,https://www.sigmaaldrich.com/US/en/product/sigma/hpa063626,TCTTGTAGCAATCTTTTCCGACGGCAGAACGACCTCACCTCCGTGACAGAAGAGGCTGAATCC
https://www.proteinatlas.org/ENSG00000214782-MS4A18/brain,HPA045121,VWAAKDPSPCVVNSSISFNIISALF,25,https://www.sigmaaldrich.com/US/en/product/sigma/hpa045121,GTATGGGCAGCCAAAGACCCAAGTCCTTGCGTTGTCAATAGTTCCATTTCATTTAACATTATTTCCGCACTTTTC
https://www.proteinatlas.org/ENSG00000166930-MS4A5/brain,HPA043732,VFLVFPPEITASEYESTELSATTF,24,https://www.sigmaaldrich.com/US/en/product/sigma/hpa043732,GTCTTTCTCGTATTTCCACCAGAGATAACCGCAAGTGAGTATGAAAGTACCGAGCTTAGTGCAACAACATTT
https://www.proteinatlas.org/ENSG00000184022-OR2T10/brain,HPA052019,MRLANQTLGGDFFLLGIFSQISHPGRL,27,https://www.sigmaaldrich.com/US/en/product/sigma/hpa052019,ATGCGACTCGCCAATCAGACTCTGGGCGGCGATTTCTTCTTGCTTGGGATTTTCTCCCAAATATCCCATCCAGGTCGGCTT
https://www.proteinatlas.org/ENSG00000183706-OR4N4/brain,HPA057442,QEVKTSMKRLLSRHVVCQVDFIIRN,25,https://www.sigmaaldrich.com/US/en/product/sigma/hpa057442,CAAGAGGTCAAAACCTCCATGAAACGATTGTTGTCACGCCACGTTGTCTGTCAAGTGGACTTCATTATTAGGAAC
https://www.proteinatlas.org/ENSG00000163114-PDHA2/brain,HPA047487,ILAELTGRRGGCAKGKGGSMHMYTKNFYGGNGIVG,35,https://www.sigmaaldrich.com/US/en/product/sigma/hpa047487,ATCTTGGCTGAGCTGACAGGTCGCCGAGGCGGCTGCGCAAAGGGAAAGGGTGGGAGCATGCACATGTACACTAAAAACTTCTATGGAGGGAACGGAATTGTCGGC
https://www.proteinatlas.org/ENSG00000163114-PDHA2/brain,HPA047864,NDATFEIKKCDLYLLEEGPPVTTVLTR,27,https://www.sigmaaldrich.com/US/en/product/sigma/hpa047864,AACGATGCTACATTCGAAATTAAGAAGTGTGATCTGTATCTTTTGGAGGAAGGCCCCCCCGTTACAACTGTCCTCACCCGA
https://www.proteinatlas.org/ENSG00000163114-PDHA2/brain,HPA063053,YCRSGKGPILMELQTYRYHGHSMSDPGVS,29,https://www.sigmaaldrich.com/US/en/product/sigma/hpa063053,TATTGCCGAAGTGGTAAGGGACCTATCCTTATGGAATTGCAGACCTATCGCTACCATGGACACAGCATGTCAGACCCCGGCGTAAGT
https://www.proteinatlas.org/ENSG00000170950-PGK2/brain,HPA045385,IEAFRASLSKLGDVYVNDAFGTAHRAHSSMVGVN,34,https://www.sigmaaldrich.com/US/en/product/sigma/hpa045385,ATCGAAGCATTTAGAGCTTCTCTTTCAAAACTGGGGGATGTATATGTGAACGACGCATTCGGGACCGCTCACAGGGCACATTCATCCATGGTCGGAGTGAAC
https://www.proteinatlas.org/ENSG00000170950-PGK2/brain,HPA073644,EVEKACANPAAGSVILLENLRFHVEEEGKG,30,https://www.sigmaaldrich.com/US/en/product/sigma/hpa073644,GAAGTAGAAAAAGCATGTGCTAACCCTGCCGCAGGCAGTGTAATATTGCTGGAGAACTTGCGGTTCCACGTTGAGGAAGAAGGAAAGGGA
https://www.proteinatlas.org/ENSG00000184814-PRR23B/brain,HPA047473,CASVPEIAAQEEAYEEDADPEFPEL,25,https://www.sigmaaldrich.com/US/en/product/sigma/hpa047473,TGCGCAAGTGTGCCTGAAATTGCAGCTCAGGAAGAAGCTTATGAGGAAGACGCCGACCCTGAATTTCCCGAATTG
https://www.proteinatlas.org/ENSG00000243130-PSG11/brain,HPA042240,STSLTIRVIAPPGLGTFAFNNPT,23,https://www.sigmaaldrich.com/US/en/product/sigma/hpa042240,AGCACCAGCCTCACAATACGAGTCATCGCTCCTCCTGGTCTGGGGACTTTTGCATTTAATAATCCTACA
https://www.proteinatlas.org/ENSG00000243130-PSG11/brain,HPA046327,VSPRVKRPIENRILILPNVTRNETGPYQC,29,https://www.sigmaaldrich.com/US/en/product/sigma/hpa046327,GTGTCCCCACGAGTGAAGAGACCTATCGAAAATAGGATATTGATACTTCCTAACGTAACTCGAAATGAAACAGGCCCCTATCAGTGC
https://www.proteinatlas.org/ENSG00000170950-PGK2/brain,HPA045385,IEAFRASLSKLGDVYVNDAFGTAHRAHSSMVGVN,34,https://www.sigmaaldrich.com/US/en/product/sigma/hpa045385,ATAGAGGCTTTCCGGGCCAGTCTGTCCAAACTGGGAGACGTCTATGTCAACGACGCATTTGGTACCGCTCATAGAGCACACTCTTCTATGGTAGGTGTTAAT
https://www.proteinatlas.org/ENSG00000170950-PGK2/brain,HPA073644,EVEKACANPAAGSVILLENLRFHVEEEGKG,30,https://www.sigmaaldrich.com/US/en/product/sigma/hpa073644,GAGGTGGAGAAAGCTTGTGCAAATCCCGCTGCCGGCAGCGTTATTTTGCTGGAGAACTTGCGGTTCCACGTTGAGGAAGAGGGGAAGGGA
https://www.proteinatlas.org/ENSG00000174358-SLC6A19/brain,HPA043207,MVRLVLPNPGLDARIPSLAELETIEQEEASSRPKWDNK,38,https://www.sigmaaldrich.com/US/en/product/sigma/hpa043207,ATGGTAAGGCTGGTCTTGCCCAACCCTGGGCTCGACGCCCGGATCCCTAGTCTCGCTGAATTGGAAACTATAGAACAAGAAGAAGCCTCCTCACGGCCCAAATGGGACAACAAA
https://www.proteinatlas.org/ENSG00000206026-SMIM21/brain,HPA041686,RNHSRIQGVSEDWKRANSIFRNFLRLKSSRNTAEAE,36,https://www.sigmaaldrich.com/US/en/product/sigma/hpa041686,AGGAATCACTCCAGAATACAAGGCGTCTCAGAAGACTGGAAGCGGGCTAACAGTATCTTCCGGAACTTTCTTAGATTGAAAAGCTCAAGAAACACCGCCGAGGCAGAG
https://www.proteinatlas.org/ENSG00000241476-SSX2/brain,HPA045683,GKHAWTHRLRERKQLVIYEEISDPEEDDE,29,https://www.sigmaaldrich.com/US/en/product/sigma/hpa045683,GGGAAGCACGCTTGGACTCACAGGCTCCGGGAACGCAAGCAGCTCGTAATTTATGAAGAAATATCCGACCCTGAAGAGGATGACGAG
https://www.proteinatlas.org/ENSG00000166984-TCP10L2/brain,HPA044709,GQLEARDPKEGTHPEDPCPGAGAVMEKT,28,https://www.sigmaaldrich.com/US/en/product/sigma/hpa044709,GGTCAACTCGAGGCCCGCGATCCAAAAGAAGGAACTCATCCTGAGGATCCATGTCCAGGGGCCGGTGCCGTAATGGAGAAAACT
https://www.proteinatlas.org/ENSG00000162460-TMEM82/brain,HPA060282,RPPVSTPSQPLPSAPQSQSSA,21,https://www.sigmaaldrich.com/US/en/product/sigma/hpa060282,CGGCCACCAGTCAGCACACCCTCTCAACCTTTGCCCAGTGCTCCCCAATCACAGTCTAGCGCC
https://www.proteinatlas.org/ENSG00000204450-TRIM64/brain,HPA045370,QALEREAKELFQQLQDSQVRMTQHLE,26,https://www.sigmaaldrich.com/US/en/product/sigma/hpa045370,CAGGCCCTCGAGCGCGAAGCCAAGGAACTTTTCCAGCAGCTTCAAGATAGCCAGGTGCGAATGACACAACATTTGGAG
https://www.proteinatlas.org/ENSG00000173213-TUBB8B/brain,HPA046280,GTGSGMGTLLISKIREEYPDRIINTFS,27,https://www.sigmaaldrich.com/US/en/product/sigma/hpa046280,GGGACTGGTAGCGGAATGGGAACTCTGCTCATTTCAAAAATAAGAGAGGAGTATCCAGATAGAATCATAAATACATTTTCT
https://www.proteinatlas.org/ENSG00000109181-UGT2B10/brain,HPA045108,FVGGLHCKPAKPLPKEMEEFVQSSG,25,https://www.sigmaaldrich.com/US/en/product/sigma/hpa045108,TTCGTGGGTGGCTTGCACTGTAAGCCAGCCAAACCTTTGCCTAAAGAGATGGAAGAATTTGTTCAATCCAGTGGT
https://www.proteinatlas.org/ENSG00000177504-VCX2/brain,HPA044642,SEVEEPLTVWMASFSPVSESTD,22,https://www.sigmaaldrich.com/US/en/product/sigma/hpa044642,TCCGAGGTGGAAGAACCCCTTACTGTTTGGATGGCCTCCTTTAGCCCTGTAAGCGAGTCTACTGAT
https://www.proteinatlas.org/ENSG00000177504-VCX2/brain,HPA044996,AATKMAAVTAPEAESGPAAPGPSDQPSQE,29,https://www.sigmaaldrich.com/US/en/product/sigma/hpa044996,GCAGCTACAAAAATGGCCGCCGTCACCGCCCCAGAGGCAGAATCTGGTCCTGCAGCCCCTGGTCCTAGTGATCAACCTTCTCAGGAG
https://www.proteinatlas.org/ENSG00000177504-VCX2/brain,HPA049357,MSPKPRASGPPAKATEAGKRKSSSQ,25,https://www.sigmaaldrich.com/US/en/product/sigma/hpa049357,ATGTCACCTAAACCTCGGGCATCAGGTCCACCAGCCAAAGCTACTGAGGCCGGTAAAAGAAAGAGCAGCAGCCAA
https://www.proteinatlas.org/ENSG00000155622-XAGE2/brain,HPA052507,PTPDQKREDDQGAAEIQVPDLEADLQ,26,https://www.sigmaaldrich.com/US/en/product/sigma/hpa052507,CCAACACCAGATCAGAAGCGAGAAGACGATCAAGGGGCTGCCGAAATTCAAGTCCCTGATCTGGAAGCCGATCTCCAG
https://www.proteinatlas.org/ENSG00000155622-XAGE2/brain,HPA060900,TYRPRPRRSLQPPELIGAMLEPTDEEPK,28,https://www.sigmaaldrich.com/US/en/product/sigma/hpa060900,ACCTACCGCCCTCGACCCCGCCGATCATTGCAGCCCCCTGAATTGATTGGCGCTATGCTGGAGCCTACTGATGAGGAACCTAAG
https://www.proteinatlas.org/ENSG00000171405-XAGE5/brain,HPA055941,GRRYRPRRCLRLAQLVGPMLEPSVPEPQ,28,https://www.sigmaaldrich.com/US/en/product/sigma/hpa055941,GGCCGGAGATACAGGCCTCGAAGATGCCTCAGACTTGCCCAGCTCGTCGGCCCCATGCTGGAGCCTAGTGTTCCTGAACCTCAA
https://www.proteinatlas.org/ENSG00000172967-XKR3/brain,HPA035081,METVFEEMDEESTGGVSSSKEEIVLGQRLH,30,https://www.sigmaaldrich.com/US/en/product/sigma/hpa035081,ATGGAGACAGTTTTTGAGGAAATGGACGAGGAGTCTACCGGAGGTGTATCAAGTAGCAAGGAGGAAATCGTGCTCGGTCAGAGACTTCAC
https://www.proteinatlas.org/ENSG00000174255-ZNF80/brain,HPA065484,LEHRKDFGYHSAFAQQSKIHSGGKNL,26,https://www.sigmaaldrich.com/US/en/product/sigma/hpa065484,CTGGAGCACCGCAAAGACTTTGGTTACCATTCTGCCTTCGCACAGCAGAGTAAGATCCATAGCGGCGGCAAAAACCTT